title,company,link
Big Data Python/Java Developer,Boyle Software,https://stackoverflow.com/jobs/158726/big-data-python-java-developer-boyle-software
Software Developer (Java),Alcumus,https://stackoverflow.com/jobs/463162/software-developer-java-alcumus
Senior Java Developer,SORAMITSU,https://stackoverflow.com/jobs/512038/senior-java-developer-soramitsu
Software Developer - Java/Spring/React - North or South America (Remote),Dotsub,https://stackoverflow.com/jobs/496252/software-developer-java-spring-react-north-or-dotsub
Senior Backend Java Engineer,Hypixel Studios,https://stackoverflow.com/jobs/443568/senior-backend-java-engineer-hypixel-studios
Java Software Engineer,Construo AG,https://stackoverflow.com/jobs/513825/java-software-engineer-construo-ag
Lead Java Developer- Remote!,"Ciber Global, LLC",https://stackoverflow.com/jobs/518628/lead-java-developer-remote-ciber-global-llc
Senior Java Developer who wants to make a difference!,O'Reilly Auto Parts,https://stackoverflow.com/jobs/514476/senior-java-developer-who-wants-to-make-a-oreilly-auto-parts
Senior Full Stack Engineer (Java),"Unanet, Inc.",https://stackoverflow.com/jobs/496012/senior-full-stack-engineer-java-unanet-inc
Full Stack Java Developer,SMA Technologies,https://stackoverflow.com/jobs/477595/full-stack-java-developer-sma-technologies
Senior Java Web Developer,Mahisoft Inc,https://stackoverflow.com/jobs/383629/senior-java-web-developer-mahisoft-inc
Senior Full Stack Engineer (Java/React) - Remote,SemanticBits,https://stackoverflow.com/jobs/501833/senior-full-stack-engineer-java-react-remote-semanticbits
Senior Software Engineer - Java,Andela,https://stackoverflow.com/jobs/518158/senior-software-engineer-java-andela
Java Enterprise / Angular Fullstack Developer* im Erneuerbare Energie-Sektor,Ninjaneers GmbH,https://stackoverflow.com/jobs/390905/java-enterprise-angular-fullstack-developer-im-ninjaneers-gmbh
Java Architect - USD Salary - REMOTE WORK,BairesDev LLC,https://stackoverflow.com/jobs/516935/java-architect-usd-salary-remote-work-bairesdev-llc
Java Software Engineer - Belgrade,Zuhlke Engineering d.o.o.,https://stackoverflow.com/jobs/513783/java-software-engineer-belgrade-zuhlke-engineering-doo
Lead Backend Engineer - Java & Kotlin (m/f/d),Signavio,https://stackoverflow.com/jobs/493908/lead-backend-engineer-java-kotlin-m-f-d-signavio
Java/C++ Software Developer,"Berryville Holdings, LLC",https://stackoverflow.com/jobs/481212/java-c-plus-plus-software-developer-berryville-holdings-llc
Fullstack Java + React Engineer (Remote),Remote Crew LDA,https://stackoverflow.com/jobs/518195/fullstack-java-plus-react-engineer-remote-remote-crew-lda
"Principal Software Engineer, Tech Lead (Java)","Unanet, Inc.",https://stackoverflow.com/jobs/509335/principal-software-engineer-tech-lead-java-unanet-inc
Senior Software Developer Java (m/f/d) (based in Germany),ONE LOGIC GmbH,https://stackoverflow.com/jobs/517359/senior-software-developer-java-m-f-d-based-in-one-logic-gmbh
Javascript / React Engineer,Mango Voice,https://weworkremotely.com/remote-jobs/mango-voice-javascript-react-engineer
Fullstack JavaScript Developer,X-Team,https://weworkremotely.com/remote-jobs/x-team-fullstack-javascript-developer
Java & React Developer,Producement,https://weworkremotely.com/remote-jobs/producement-java-react-developer-1
Software Engineer (Ruby on Rails / JavaScript),TaxJar,https://weworkremotely.com/remote-jobs/taxjar-software-engineer-ruby-on-rails-javascript-1
"3D Full-Stack Engineers (Javascript, Webgl, three.js, react/vue/node) (bonus python, UE4, OpenGL, Vulkan, ...)",4D Pipeline,https://weworkremotely.com/remote-jobs/4d-pipeline-3d-full-stack-engineers-javascript-webgl-three-js-react-vue-node-bonus-python-ue4-opengl-vulkan
Ssr Java/Scala Developer,Nearsure,https://weworkremotely.com/remote-jobs/nearsure-ssr-java-scala-developer
Java Software Engineer,Currencycloud,https://weworkremotely.com/remote-jobs/currencycloud-java-software-engineer-1
Mid-Senior Javascript Developer,Sizle.io,https://weworkremotely.com/remote-jobs/sizle-io-mid-senior-javascript-developer
Front-end Developer (React/Javascript),Input Logic,https://weworkremotely.com/remote-jobs/input-logic-front-end-developer-react-javascript
"Senior Software Developer ASP.NET Core and JavaScript (EntityFramework, WebAPI, react)",new direction GmbH,https://weworkremotely.com/remote-jobs/new-direction-gmbh-senior-software-developer-asp-net-core-and-javascript-entityframework-webapi-react
Full-Stack Developer (Ruby on Rails / Javascript),Spectora,https://weworkremotely.com/remote-jobs/spectora-full-stack-developer-ruby-on-rails-javascript
Senior JavaScript Developer (Fullstack),FingerprintJS,https://weworkremotely.com/remote-jobs/fingerprintjs-senior-javascript-developer-fullstack
JavaScript Software Engineer (U.S. remote),LocusLabs,https://weworkremotely.com/remote-jobs/locuslabs-javascript-software-engineer-u-s-remote
Front End Team Lead (Vue.js/JavaScript) - E.U. based,X-Team,https://weworkremotely.com/remote-jobs/x-team-front-end-team-lead-vue-js-javascript-e-u-based
Full-Stack JavaScript Developer,Apolinar,https://weworkremotely.com/listings/apolinar-full-stack-javascript-developer
Senior JavaScript Developer and Consultant (100% remote),Bitovi,https://weworkremotely.com/remote-jobs/bitovi-senior-javascript-developer-and-consultant-100-remote
UI Engineer (JavaScript),Showcase IDX,https://weworkremotely.com/remote-jobs/showcase-idx-ui-engineer-javascript
Full-Stack Javascript Engineer,Hillrom,https://weworkremotely.com/remote-jobs/hillrom-full-stack-javascript-engineer
Full-Stack Developer (Ruby/Javascript),Learnlife,https://weworkremotely.com/remote-jobs/learnlife-full-stack-developer-ruby-javascript
Java Engineer,Help Scout,https://weworkremotely.com/remote-jobs/help-scout-java-engineer-1
Senior Full-Stack JavaScript Engineer,Hillrom,https://weworkremotely.com/remote-jobs/hillrom-senior-full-stack-javascript-engineer
Senior Javascript Developer,Silverfin,https://weworkremotely.com/remote-jobs/silverfin-senior-javascript-developer
Javascript Engineer,Sticker Mule,https://weworkremotely.com/remote-jobs/sticker-mule-javascript-engineer-2
